{"branches": 71.95876288659794, "coverage": 77.21575152523572}