{"branches": 71.95876288659794, "coverage": 77.24145583666223}