{"branches": 50.63291139240506, "coverage": 74.31372549019608}