{"branches": 92.85714285714286, "coverage": 91.22448979591836}