{"branches": 70.79107505070994, "coverage": 76.7436767765247}