{"branches": 89.28571428571429, "coverage": 90.56603773584906}