{"branches": 71.95876288659794, "coverage": 77.23288583157661}