{"branches": 29.421221864951768, "coverage": 40.02188367982493}