{"branches": 73.08488612836439, "coverage": 77.50968456004426}