{"branches": 29.552715654952078, "coverage": 40.19640758771194}