{"branches": 69.52191235059762, "coverage": 75.51064519615261}