{"branches": 42.951541850220266, "coverage": 52.82381160052333}