{"branches": 70.79107505070994, "coverage": 76.35908050985947}