{"branches": 73.08488612836439, "coverage": 77.52461010950115}