{"branches": 89.28571428571429, "coverage": 90.18789144050105}