{"branches": 89.28571428571429, "coverage": 90.06342494714588}