{"branches": 71.95876288659794, "coverage": 77.12164857079547}