{"branches": 50.6578947368421, "coverage": 69.99603646452636}