{"branches": 70.79107505070994, "coverage": 76.69329248276617}