{"branches": 70.79107505070994, "coverage": 76.3341319973862}