{"branches": 69.52191235059762, "coverage": 75.74022044521288}