{"branches": 92.85714285714286, "coverage": 90.98532494758909}