{"branches": 29.421221864951768, "coverage": 39.90098179071914}