{"branches": 45.39473684210527, "coverage": 57.32963549920761}