{"branches": 45.55555555555556, "coverage": 55.2049090510629}